Code	Short Name	Long Name (hover)	Description	Parent	Next	ORDER	Dimension	Data Sources	Units	[+]	[+] comment
1	Basic Infrastructure	Basic Infrastructure	#N/A		2	100	0	#N/A	0	No	
1.1	Electricity Supply	Electricity Supply	#N/A	1	1.2	200	0	Electric power industry, local government	0	No	
1.1.1	Access and Coverage	Population Access and Coverage	Note that there different types of distribution system design: radial, loop or grid. It is important to consider if individual sources are connected to the main network. This influences the coverage and potential spare capacity of the system, as well as the resilience of the network in terms of redundancy.	1.1	1.1.2	300	Physical	#N/A	0	No	
1.1.2	Local Gov. Jurisdiction	Local Government Jurisdiction	The different levels of jurisdiction of the local government over the different components of the system can be considered separately.	1.1	1.1.3	400	Organisational	#N/A	0	Yes	The different levels of jurisdiction of the local government over the different components of the system can be considered separately.
1.1.3	Operation/Supply	Continuity of Operation/Supply	Note that there different types of distribution system design: radial, loop or grid. This influences the resilience of the network in terms of robustness by providing alternatives for a continuous supply. The existence of backup sources is also of relevance. The assessment should consider number of disruptions and corresponding times, as well as sensitive network components which are more likely to cause interruptions.	1.1	1.1.4	500	Functional	#N/A	0	No	
1.1.4	Development Plan	Development Plan	A plan usually contains the definition of vision and objectives, roles and resources, institutional and technical arrangements and, ideally, associated financing means.	1.1	1.1.5	600	Functional	#N/A	0	No	
1.1.5	Contingency Plan	Contingency Plan	A contingency plan is usually drawn on a risk assessment, and defines preparedness, mitigation, response and recovery measures in case of emergencies. It commonly assigns and defines roles and responsibilities, communication strategies, technical procedures, and, ideally, includes associated financing means. It is often multi-sectoral, but particularities regarding the electricity network should be explicit.	1.1		700	Functional	#N/A	0	No	
1.2	Fuel Supply	Fuel Supply	#N/A	1	1.3	800	0	Fuel supplier(s), local government	0	No	
1.2.1	Access and Coverage	Population Access and Coverage	Coverage data can be given in terms of portion of the population with access to fuel in relation to the total population, or regarding the area of the city covered by the service.	1.2	1.2.2	900	Physical	#N/A	0	No	
1.2.2	Local Gov. Jurisdiction	Local Government Jurisdiction	The different levels of jurisdiction of the local government over the different components of the system can be considered separately.	1.2	1.2.3	1000	Organisational	#N/A	0	Yes	The different levels of jurisdiction of the local government over the different components of the system can be considered separately.
1.2.3	Operation/Supply	Continuity of Operation/Supply	The answer should take into consideration the local context in terms of 'normal circumstances', and how eventual disruptions can affect the usual functioning of the city.	1.2	1.2.4	1100	Functional	#N/A	0	No	
1.2.4	Development Plan	Development Plan	A plan usually contains the definition of vision and objectives, roles and resources, institutional and technical arrangements and, ideally, associated financing means.	1.2	1.2.5	1200	Functional	#N/A	0	No	
1.2.5	Contingency Plan	Contingency Plan	A contingency plan is usually drawn on a risk assessment, and defines preparedness, mitigation, response and recovery measures in case of emergencies. It commonly assigns and defines roles and responsibilities, communication strategies, technical procedures, and, ideally, includes associated financing means. It is often multi-sectoral, but particularities regarding the fuel supply should be explicit.	1.2		1300	Functional	#N/A	0	No	
1.3	Gas Supply	Gas Supply	#N/A	1	1.4	1400	0	Gas supplier(s), local government	0	No	
1.3.1	Access and Coverage	Population Access and Coverage	Note that there are different types of piped distribution networks according to the pipes' diameter and gas pressure. Natural gas can be distributed from gas terminals, producing wells or fields, directly to homes and industries or indirectly through gas distribution companies.	1.3	1.3.2	1500	Physical	#N/A	0	No	
1.3.2	Local Gov. Jurisdiction	Local Government Jurisdiction	The different levels of jurisdiction of the local government over the different components of the system can be considered separately.	1.3	1.3.3	1600	Organisational	#N/A	0	Yes	The different levels of jurisdiction of the local government over the different components of the system can be considered separately.
1.3.3	Operation/Supply	Continuity of Operation/Supply	Note that there different types of piped distribution networks according to the pipes' diameter and gas pressure. Natural gas can be distributed from gas terminals, producing wells or fields, directly to homes and industries or indirectly through gas distribution companies.	1.3	1.3.4	1700	Functional	#N/A	0	No	
1.3.4	Development Plan	Development Plan	A plan usually contains the definition of vision and objectives, roles and resources, institutional and technical arrangements and, ideally, associated financing means.	1.3	1.3.5	1800	Functional	#N/A	0	No	
1.3.5	Contingency Plan	Contingency Plan	A contingency plan is usually drawn on a risk assessment, and defines preparedness, mitigation, response and recovery measures in case of emergencies. It commonly assigns and defines roles and responsibilities, communication strategies, technical procedures, and, ideally, includes associated financing means. It is often multi-sectoral, but particularities regarding the gas supply should be explicit.	1.3		1900	Functional	#N/A	0	No	
1.4	Solid Waste	Solid Waste	#N/A	1	1.5	2000	0	Solid waste collection, treatment and/or disposal company(ies), surveys, local government	0	No	
1.4.1	Collection Coverage	Collection Coverage	Coverage data can be given in terms of fraction of the population that are covered by a waste collection system in relation to total population, or regarding area of the city covered by the service.	1.4	1.4.2	2100	Physical	#N/A	0	No	
1.4.2	Disposal	Disposal	Regard solid waste adequately disposed as all waste that is sent to authorised recycling, composting and/or incineration facilities, landfills or other authorised destinations.	1.4	1.4.3	2200	Physical	#N/A	0	No	
1.4.3	Local Gov. Jurisdiction	Local Government Jurisdiction	The different levels of jurisdiction of the local government over the different components of the system can be considered separately.	1.4	1.4.4	2300	Organisational	#N/A	0	Yes	The different levels of jurisdiction of the local government over the different components of the system can be considered separately.
1.4.4	Operation	Continuity of Operation	Note that the solid waste collection system should provide a reliable and regular service, taking into consideration the solid waste generation rate, public health and environmental issues.	1.4	1.4.5	2400	Functional	#N/A	0	No	
1.4.5	Development Plan	Development Plan	A plan usually contains the definition of vision and objectives, roles and resources, institutional and technical arrangements and, ideally, associated financing means.	1.4	1.4.6	2500	Functional	#N/A	0	No	
1.4.6	Contingency Plan	Contingency Plan	A contingency plan is usually drawn on a risk assessment, and defines preparedness, mitigation, response and recovery measures in case of emergencies. It commonly assigns and defines roles and responsibilities, communication strategies, technical procedures, and, ideally, includes associated financing means. It is often multi-sectoral, but particularities regarding the solid waste network should be explicit.	1.4		2600	Functional	#N/A	0	No	
1.5	Telecommunications	Telecommunications	#N/A	1	1.6	2700	0	#N/A	0	No	
1.5.1	Emergency and Alert	Emergency and Alert	#N/A	1.5	1.5.2	2800	0	Local government, emergency and rescue organisations	0	No	
1.5.1.1	Availability	Availability	The different spheres and responsibilities within the local government and third-party stakeholders should be taken into account. For example, only certain government departments or specific areas of the city need to be notified of particular occurrences.	1.5.1	1.5.1.2	2900	Physical	#N/A	0	No	
1.5.1.2	Local Gov. Jurisdiction	Local Government Jurisdiction	The different levels of jurisdiction of the local government over the different components of the system can be considered separately. The different spheres and responsibilities within the local government and third-party stakeholders should be taken into account. For example, only certain government departments or specific areas of the city need to be notified of particular occurrences.	1.5.1	1.5.1.3	3000	Organisational	#N/A	0	Yes	The different levels of jurisdiction of the local government over the different components of the system can be considered separately. The different spheres and responsibilities within the local government and third-party stakeholders should be taken into account. For example, only certain government departments or specific areas of the city need to be notified of particular occurrences.
1.5.1.3	Operation	Operation	The different alert system(s) should be considered separately.	1.5.1	1.5.1.4	3100	Functional	#N/A	0	Yes	The different alert system(s) should be considered separately.
1.5.1.4	Development Plan	Development Plan	A plan usually contains the definition of vision and objectives, roles and resources, institutional and technical arrangements and, ideally, associated financing means.	1.5.1		3200	Functional	#N/A	0	No	
1.5.2	Internet	Internet	#N/A	1.5	1.5.3	3300	0	Internet service and telecommunications provider(s), surveys, and/or local government	0	No	
1.5.2.1	Access and Coverage	Population Access and Coverage	All locations of internet access should be considered, including offices, cyber cafes, libraries, etc. Regard both fixed and mobile internet access means including computers, smart phones, video game consoles, etc.	1.5.2	1.5.2.2	3400	Physical	#N/A	0	No	
1.5.2.2	Local Gov. Jurisdiction	Local Government Jurisdiction	The different levels of jurisdiction of the local government over the different components of the system can be considered separately.	1.5.2	1.5.2.3	3500	Organisational	#N/A	0	Yes	The different levels of jurisdiction of the local government over the different components of the system can be considered separately.
1.5.2.3	Operation	Continuity of Operation	The answer should take into account the local context in terms of 'normal circumstances', and how eventual disruptions can affect the usual functioning of the city.	1.5.2	1.5.2.4	3600	Functional	#N/A	0	No	
1.5.2.4	Development Plan	Development Plan	A plan usually contains the definition of vision and objectives, roles and resources, institutional and technical arrangements and, ideally, associated financing means.	1.5.2	1.5.2.5	3700	Functional	#N/A	0	No	
1.5.2.5	Contingency Plan	Contingency Plan	A contingency plan is usually drawn on a risk assessment, and defines preparedness, mitigation, response and recovery measures in case of emergencies. It commonly assigns and defines roles and responsibilities, communication strategies, technical procedures, and, ideally, includes associated financing means. It is often multi-sectoral, but particularities regarding the internet services should be explicit.	1.5.2		3800	Functional	#N/A	0	No	
1.5.3	Phone	Phone	#N/A	1.5	1.5.4	3900	0	Phone company(ies), local government	0	No	
1.5.3.1	Access and Coverage	Population Access and Coverage	Coverage data should include, ideally, people that have indirect access to phones (e.g. by public or communal phones or direct relatives).	1.5.3	1.5.3.2	4000	Physical	#N/A	0	No	
1.5.3.2	Local Gov. Jurisdiction	Local Government Jurisdiction	The different levels of jurisdiction of the local government over the different components of the system can be considered separately.	1.5.3	1.5.3.3	4100	Organisational	#N/A	0	Yes	The different levels of jurisdiction of the local government over the different components of the system can be considered separately.
1.5.3.3	Operation	Continuity of Operation	Dropped-call rate is the fraction of phone calls that are cut off before the speakers can finalise their conversation. It is usually measured in terms of percentage of the total calls.	1.5.3	1.5.3.4	4200	Functional	#N/A	0	No	
1.5.3.4	Development Plan	Development Plan	A plan usually contains the definition of vision and objectives, roles and resources, institutional and technical arrangements and, ideally, associated financing means.	1.5.3	1.5.3.5	4300	Functional	#N/A	0	No	
1.5.3.5	Contingency Plan	Contingency Plan	A contingency plan is usually drawn on a risk assessment, and defines preparedness, mitigation, response and recovery measures in case of emergencies. It commonly assigns and defines roles and responsibilities, communication strategies, technical procedures, and, ideally, includes associated financing means. It is often multi-sectoral, but particularities regarding the phone network should be explicit.	1.5.3		4400	Functional	#N/A	0	No	
1.5.4	TV/Radio	TV/Radio	#N/A	1.5		4500	0	Television and radio network(s), local government	0	No	
1.5.4.1	Access and Coverage	Population Access and Coverage	Coverage data should be based on free-to-air television channels and radio stations.	1.5.4	1.5.4.2	4600	Physical	#N/A	0	No	
1.5.4.2	Local Gov. Jurisdiction	Local Government Jurisdiction	The different levels of jurisdiction of the local government over the different components of the system can be considered separately.	1.5.4	1.5.4.3	4700	Organisational	#N/A	0	Yes	The different levels of jurisdiction of the local government over the different components of the system can be considered separately.
1.5.4.3	Operation	Continuity of Operation	The aim of this assessment is to verify if signal strenght and quality are sufficient to provide an adequate broadcast of these media.	1.5.4	1.5.4.4	4800	Functional	#N/A	0	No	
1.5.4.4	Development Plan	Development Plan	A plan usually contains the definition of vision and objectives, roles and resources, institutional and technical arrangements and, ideally, associated financing means.	1.5.4	1.5.4.5	4900	Functional	#N/A	0	No	
1.5.4.5	Contingency Plan	Contingency Plan	A contingency plan is usually drawn on a risk assessment, and defines preparedness, mitigation, response and recovery measures in case of emergencies. It commonly assigns and defines roles and responsibilities, communication strategies, technical procedures, and, ideally, includes associated financing means. It is often multi-sectoral, but particularities regarding the television and radio networks should be explicit.	1.5.4		5000	Functional	#N/A	0	No	
1.6	Wastewater	Wastewater	#N/A	1	1.7	5100	0	Wastewater collection and treatment company(ies), surveys, local government	0	No	
1.6.1	Collection System	Collection System	Population data can be given in terms of fraction of the considered population in relation to total population, or regarding area of the city covered.	1.6	1.6.2	5200	Physical	#N/A	0	No	
1.6.2	Treatment System	Treatment System	Consider wastewater treatment as the process that improves and purifies the water, removing some or all of the contaminants, transforming it into an effluent that can be reused or returned to the water cycle with minimal environmental impact.	1.6	1.6.3	5300	Physical	#N/A	0	No	
1.6.3	Local Gov. Jurisdiction	Local Government Jurisdiction	The different levels of jurisdiction of the local government over the different components of the system can be considered separately.	1.6	1.6.4	5400	Organisational	#N/A	0	Yes	The different levels of jurisdiction of the local government over the different components of the system can be considered separately.
1.6.4	Operation	Continuity of Operation	The wastewater collection system should provide a reliable and regular service preventing service interruptions and failures that can result in overflows or discharges of untreated wastewater.	1.6	1.6.5	5500	Functional	#N/A	0	No	
1.6.5	Development Plan	Development Plan	A plan usually contains the definition of vision and objectives, roles and resources, institutional and technical arrangements and, ideally, associated financing means.	1.6	1.6.6	5600	Functional	#N/A	0	No	
1.6.6	Contingency Plan	Contingency Plan	A contingency plan is usually drawn on a risk assessment, and defines preparedness, mitigation, response and recovery measures in case of emergencies. It commonly assigns and defines roles and responsibilities, communication strategies, technical procedures, and, ideally, includes associated financing means. It is often multi-sectoral, but particularities regarding the wastewater network should be explicit.	1.6		5700	Functional	#N/A	0	No	
1.7	Water Supply	Water Supply	#N/A	1	1.8	5800	0	Water company(ies), local government	0	No	
1.7.1	Access and Coverage	Population Access and Coverage	Population data can be given in terms of the percentage of the considered population in relation to the total population.	1.7	1.7.2	5900	Physical	#N/A	0	No	
1.7.2	Local Gov. Jurisdiction	Local Government Jurisdiction	The different levels of jurisdiction of the local government over the different components of the system can be considered separately.	1.7	1.7.3	6000	Organisational	#N/A	0	Yes	The different levels of jurisdiction of the local government over the different components of the system can be considered separately.
1.7.3	Operation/Supply	Continuity of Operation/Supply	Interruptions to the flow of drinking water at the tap or source can be generated either through intermittent sources or be the result of engineering inefficiencies on the collection, treatment, storage or water distribution systems. The existence of service reservoirs, that is, reservoirs that store treated water, allows fluctuations in demand to be accommodated and therefore are also of relevance.	1.7	1.7.4	6100	Functional	#N/A	0	No	
1.7.4	Development Plan	Development Plan	A plan usually contains the definition of vision and objectives, roles and resources, institutional and technical arrangements and, ideally, associated financing means.	1.7	1.7.5	6200	Functional	#N/A	0	No	
1.7.5	Contingency Plan	Contingency Plan	A contingency plan is usually drawn on a risk assessment, and defines preparedness, mitigation, response and recovery measures in case of emergencies. It commonly assigns and defines roles and responsibilities, communication strategies, technical procedures, and, ideally, includes associated financing means. It is often multi-sectoral, but particularities regarding the water supply system should be explicit.	1.7		6300	Functional	#N/A	0	No	
2	Built Environment	Built Environment	#N/A		3	6400	0	#N/A	0	No	
2.1	Urban Fabric	Urban Fabric	#N/A	2	2.2	6500	0	Local government, surveys	0	No	
2.1.1	Land Cover	Land Cover	Land cover can be given as a fraction of the considered land cover type in relation to total city's area, or as the area of the city with the specific land cover.	2.1	2.1.2	6600	Physical	#N/A	0	No	
2.1.2	Built-Up Area	Built-Up Area	A building's built-up area is the horizontal projection of the building, therefore a building with a single story has the same built-up area as a multi-story one if they occupy the same land area.	2.1	2.1.3	6700	Physical	#N/A	0	No	
2.1.3	Public Open Spaces	Public Open Spaces	Data regarding public open spaces can be given in relative numbers (i.e., as a percentage in relation to the city area), or in absolute numbers (i.e., area occupied).	2.1	2.1.4	6800	Physical	#N/A	Yes	No	
2.1.4	Land Tenure	Land Tenure	Land tenure is the relationship, whether legally or customarily defined, among people, as individuals or groups, with respect to land, determining how land is used, possessed, sold, or in other ways disposed.	2.1	2.1.5	6900	Physical	#N/A	0	Yes	Land tenure is the relationship, whether legally or customarily defined, among people, as individuals or groups, with respect to land, determining how land is used, possessed, sold, or in other ways disposed.
2.1.5	Local Gov. Jurisdiction	Local Government Jurisdiction	The different levels of jurisdiction of the local government (e.g. issuing regulation, granting permits and licenses, inspecting usage conditions, etc.) over the different components of the land usage should be considered separately.	2.1	2.1.6	7000	Organisational	#N/A	0	Yes	The different levels of jurisdiction of the local government (e.g. issuing regulation, granting permits and licenses, inspecting usage conditions, etc.) over the different components of the land usage should be considered separately.
2.1.6	Land-Use Plan	Land-Use Plan	The plan should define land-use options, determining land set aside for parks and open space, residential areas, commercial and industrial uses, mixed-use areas, etc. It should also take into consideration socio-economic and environmental aspects.	2.1	2.1.7	7100	Functional	#N/A	0	No	
2.1.7	Standards	Enforcement of Standards	Enforcement mechanisms should encompass adequate penalties for violations of the laws and regulations.	2.1		7200	Functional	#N/A	0	No	
2.2	Com. Facilities	Commercial Facilities	#N/A	2	2.3	7300	0	Local government, surveys, commercial associations	0	No	
2.2.1	Const. Typologies	Construction Typologies	Building codes are a set of regulation enacted by a governmental entity that defines a set of minimum requirements for building design, construction and operation. Building codes should contain functional requirements and performance criteria that address safety, health, structural integrity, environment, mechanical integrity, fire prevention and control, energy conservation and requisites for applicable natural hazards (earthquakes, tsunamis, floods, etc.)	2.2		7400	Physical	#N/A	0	No	
2.3	Housing	Housing	#N/A	2	2.4	7500	0	Local government, surveys, housing associations	0	No	
2.3.1	Const.Typologies	Construction Typologies	Building codes are a set of regulation enacted by a governmental entity that defines a set of minimum requirements for building design, construction and operation. Building codes should contain functional requirements and performance criteria that address safety, health, structural integrity, environment, mechanical integrity, fire prevention and control, energy conservation and requirements for applicable natural hazards (earthquakes, tsunamis, floods, etc.).	2.3	2.3.2	7600	Physical	#N/A	0	No	
2.3.2	Local Gov. Jurisdiction	Local Government Jurisdiction	The different levels of jurisdiction of the local government over the different tenures arrangements and types of residential dwellings can be considered separately (e.g. social housing, cooperate housing, private condominiums, rental houses)	2.3	2.3.3	7700	Organisational	#N/A	0	Yes	The different levels of jurisdiction of the local government over the different tenures arrangements and types of residential dwellings can be considered separately (e.g. social housing, cooperate housing, private condominiums, rental houses)
2.3.3	Development Plan	Development Plan	A plan usually contains the definition of vision and objectives, roles and resources, institutional and technical arrangements and, ideally, associated financing means.	2.3	2.3.4	7800	Functional	#N/A	0	No	
2.3.4	Contingency Plan	Contingency Plan	A contingency plan is usually drawn on a risk assessment, and defines preparedness, mitigation, response and recovery measures in case of emergencies. It commonly assigns and defines roles and responsibilities, communication strategies, technical procedures, and, ideally, includes associated financing means. It is often multi-sectoral, but particularities regarding housing should be explicit.	2.3		7900	Functional	#N/A	0	No	
2.4	Indust. Facilities	Industrial Facilities	#N/A	2	2.5	8000	0	Local government, surveys, industrial associations	0	No	
2.4.1	Const.Typologies	Construction Typologies	Building codes are a set of regulation enacted by a governmental entity that defines a set of minimum requirements for building design, construction and operation. Building codes should contain functional requirements and performance criteria that address safety, health, structural integrity, environment, mechanical integrity, fire prevention and control, energy conservation and requirements for applicable natural hazards (earthquakes, tsunamis, floods, etc.). Note that industries have additional building requirements according to their potentially hazardous activities (e.g. oil spills, explosion, radiation, contamination).	2.4		8100	Physical	#N/A	0	No	
2.5	Public Facilities	Public Facilities	#N/A	2	2.6	8200	0	Local government	0	No	
2.5.1	Const.Typologies	Construction Typologies	It is possible to provide data separately for each public facility category (e.g. hospitals, schools, concert halls, government buildings) or by regarding all public facilities without distinctions.	2.5		8300	Physical	#N/A	0	No	
2.6	Public Infra.	Public Infrastructure	#N/A	2		8400	0	Local government, infrastructural companies	0	No	
2.6.1	Const.Typologies	Construction Typologies	It is possible to provide data separately for each public infrastructure category or by regarding all public infrastructure without distinctions.	2.6		8500	Physical	#N/A	0	No	
3	Economy	Economy	#N/A		4	8600	0	Statistical institutions, surveys, company(ies), local government	0	No	
3.1	Market Share	Market Share	#N/A	3	3.2	8700	0	#N/A	0	No	
3.1.1	Employment Share	Employment Share	#N/A	3.1	3.1.2	8800	Physical	#N/A	Yes	No	
3.1.2	GDP Share	GDP Share	Employment data can be provided in terms of percentage of population working for each sector in relation to the total labour force, or the total amount of employees working for each sector. Information should be specified by gender.	3.1		8900	Physical	#N/A	Yes	No	
3.2	Primary Sector	Primary Sector	#N/A	3	3.3	9000	0	#N/A	0	No	
3.2.1	Local Gov. Jurisdiction	Local Government Jurisdiction	The general level of influence of the government over the companies within the particular sector should be considered.	3.2	3.2.2	9100	Organisational	#N/A	0	No	
3.2.2	Operation	Continuity of Operation	Different companies have distinct requirements to continue its operations, but a general perspective on the matter for each sector should be contemplated.	3.2	3.2.3	9200	Functional	#N/A	0	No	
3.2.3	Development Plan	Development Plan	A plan usually contains the definition of vision and objectives, roles and resources, institutional and technical arrangements and, ideally, associated financing means.	3.2	3.2.4	9300	Functional	#N/A	0	No	
3.2.4	Contingency Plan	Contingency Plan	A contingency plan is usually drawn on a risk assessment, and defines preparedness, mitigation, response and recovery measures in case of emergencies. It commonly assigns and defines roles and responsibilities, communication strategies, technical procedures, and, ideally, includes associated financing means. It can be multi-sectoral, but particularities regarding the recovery of economy activities should be explicit.	3.2		9400	Functional	#N/A	0	No	
3.3	Secondary Sector	Secondary Sector	#N/A	3	3.4	9500	0	#N/A	0	No	
3.3.1	Local Gov. Jurisdiction	Local Government Jurisdiction	The general level of influence of the government over the companies within the particular sector should be considered.	3.3	3.3.2	9600	Organisational	#N/A	0	No	
3.3.2	Operation	Continuity of Operation	Different companies have distinct requirements to continue its operations, but a general perspective on the matter for each sector should be contemplated.	3.3	3.3.3	9700	Functional	#N/A	0	No	
3.3.3	Development Plan	Development Plan	A plan usually contains the definition of vision and objectives, roles and resources, institutional and technical arrangements and, ideally, associated financing means.	3.3	3.3.4	9800	Functional	#N/A	0	No	
3.3.4	Contingency Plan	Contingency Plan	A contingency plan is usually drawn on a risk assessment, and defines preparedness, mitigation, response and recovery measures in case of emergencies. It commonly assigns and defines roles and responsibilities, communication strategies, technical procedures, and, ideally, includes associated financing means. It can be multi-sectoral, but particularities regarding the recovery of economy activities should be explicit.	3.3		9900	Functional	#N/A	0	No	
3.4	Tertiary Sector	Tertiary Sector	#N/A	3	3.5	10000	0	#N/A	0	No	
3.4.1	Local Gov. Jurisdiction	Local Government Jurisdiction	The general level of influence of the government over the companies within the particular sector should be considered.	3.4	3.4.2	10100	Organisational	#N/A	0	No	
3.4.2	Operation	Continuity of Operation	Different companies have distinct requirements to continue its operations, but a general perspective on the matter for each sector should be contemplated.	3.4	3.4.3	10200	Functional	#N/A	0	No	
3.4.3	Development Plan	Development Plan	A plan usually contains the definition of vision and objectives, roles and resources, institutional and technical arrangements and, ideally, associated financing means.	3.4	3.4.4	10300	Functional	#N/A	0	No	
3.4.4	Contingency Plan	Contingency Plan	A contingency plan is usually drawn on a risk assessment, and defines preparedness, mitigation, response and recovery measures in case of emergencies. It commonly assigns and defines roles and responsibilities, communication strategies, technical procedures, and, ideally, includes associated financing means. It can be multi-sectoral, but particularities regarding the recovery of economy activities should be explicit.	3.4		10400	Functional	#N/A	0	No	
3.5	Econ. Activity(ies)	Main Economic Activity(ies)	Assess the most important economic activity(ies) conducted in the city, in terms of employment or revenue share, or any other factor that is locally relevant.	3		10500	0	#N/A	0	Yes	Assess the most important economic activity(ies) conducted in the city, in terms of employment or revenue share, or any other factor that is locally relevant.
3.5.1	Employment Share	Employment Share	#N/A	3.5	3.5.2	10600	Physical	#N/A	Yes	No	
3.5.2	GDP Share	GDP Share	Employment data can be provided in terms of percentage of population working for each sector in relation to the total labour force, or the total amount of employees working for each sector. Information should be specified by gender.	3.5	3.5.3	10700	Physical	#N/A	Yes	No	
3.5.3	Local Gov. Jurisdiction	Local Government Jurisdiction	The general level of influence of the government over the companies within the particular sector should be considered.	3.5	3.5.4	10800	Organisational	#N/A	0	No	
3.5.4	Operation	Continuity of Operation	Different companies have distinct requirements to continue its operations, but a general perspective on the matter for each sector should be contemplated.	3.5	3.5.5	10900	Functional	#N/A	0	No	
3.5.5	Development Plan	Development Plan	A plan usually contains the definition of vision and objectives, roles and resources, institutional and technical arrangements and, ideally, associated financing means.	3.5	3.5.6	11000	Functional	#N/A	0	No	
3.5.6	Contingency Plan	Contingency Plan	A contingency plan is usually drawn on a risk assessment, and defines preparedness, mitigation, response and recovery measures in case of emergencies. It commonly assigns and defines roles and responsibilities, communication strategies, technical procedures, and, ideally, includes associated financing means. It can be multi-sectoral, but particularities regarding the recovery of economy activities should be explicit.	3.5		11100	Functional	#N/A	0	No	
4	Environment	Environment	#N/A		5	11200	0	#N/A	0	No	
4.1	Air	Air	#N/A	4	4.2	11300	0	Air quality monitoring entities, environmental agencies, meteorological institutes, local government	0	No	
4.1.1	Air Quality	Air Quality	Concentration data is usually given in Î¼g/m3 or ppm.	4.1	4.1.1.1	11400	Functional	#N/A	0	No	
4.1.1.1	PM10 concentration	Particulate matter (PM10) concentration	#N/A	4.1	4.1.1.2	11500	Functional	#N/A	0	No	
4.1.1.2	PM2.5 concentration	Fine particulate matter (PM2.5) concentration	#N/A	4.1	4.1.1.3	11600	Functional	#N/A	0	No	
4.1.1.3	NO2 concentration	Nitrogen dioxide (NO2) concentration	#N/A	4.1	4.1.1.4	11700	Functional	#N/A	0	No	
4.1.1.4	SO2 concentration	Sulphur dioxide (SO2) concentration	#N/A	4.1	4.1.1.5	11800	Functional	#N/A	0	No	
4.1.1.5	O3 concentration	Ground level ozone (O3) concentration	#N/A	4.1	4.1.2	11900	Functional	#N/A	0	No	
4.1.2	Local Gov. Jurisdiction	Local Government Jurisdiction	The different levels of jurisdiction of the local government over the different components of the system can be considered separately.	4.1	4.1.3	12000	Organisational	#N/A	0	Yes	The different levels of jurisdiction of the local government over the different components of the system can be considered separately.
4.1.3	Development Plan	Development Plan	A plan usually contains the definition of vision and objectives, roles and resources, institutional and technical arrangements and, ideally, associated financing means.	4.1	4.1.4	12100	Functional	#N/A	0	No	
4.1.4	Contingency Plan	Contingency Plan	A contingency plan is usually drawn on a risk assessment, and defines preparedness, mitigation, response and recovery measures in case of emergencies. It commonly assigns and defines roles and responsibilities, communication strategies, technical procedures, and, ideally, includes associated financing means.	4.1		12200	Functional	#N/A	0	No	
4.2	Blue	Blue	#N/A	4	4.3	12300	0	Water body management company(ies), environmental company(ies), local government	0	Yes	The different water bodies and/or water body types (e.g. rivers, lakes, etc.) can be considered separately.
4.2.1	Characterisation	Characterisation	Note that it is possible for the same water body to have more than one usage.	4.2	4.2.2	12400	Physical	#N/A	0	No	
4.2.2	Local Gov. Jurisdiction	Local Government Jurisdiction	The different levels of jurisdiction of the local government over the different components of the system can be considered separately.	4.2	4.2.3	12500	Organisational	#N/A	0	No	
4.2.3	Operation	Operation and Maintenance	The different plans for different objectives (e.g. removal of waste, water quality monitoring) can be considered separately.	4.2	4.2.4	12600	Functional	#N/A	0	No	
4.2.4	Development Plan	Development Plan	The different plans for different objectives (e.g. removal of waste, water quality monitoring) can be considered separately.	4.2	4.2.5	12700	Functional	#N/A	0	No	
4.2.5	Contingency Plan	Contingency Plan	A contingency plan is usually drawn on a risk assessment, and defines preparedness, mitigation, response and recovery measures in case of emergencies. It commonly assigns and defines roles and responsibilities, communication strategies, technical procedures, and, ideally, includes associated financing means.	4.2		12800	Functional	#N/A	0	No	
4.3	Green	Green	#N/A	4		12900	0	Environmental agencies, surveys, local government	0	No	
4.3.1	Access and Coverage	Population Access and Coverage	For green spaces and protected areas, data is usually given in hectare (ha) or sq. kilometres (km2), or as a percentage of the total city area.	4.3	4.3.2	13000	Physical	#N/A	0	No	
4.3.2	Local Gov. Jurisdiction	Local Government Jurisdiction	The different levels of jurisdiction of the local government over the different components of the system can be considered separately.	4.3	4.3.3	13100	Organisational	#N/A	0	Yes	The different levels of jurisdiction of the local government over the different components of the system can be considered separately.
4.3.3	Operation	Operation and Maintenance	The different plans for different objectives (e.g. trimming of trees, pruning of shrubs, cleaning of green spaces), green spaces and/or types of green spaces (e.g. national parks, urban gardens, forests) can be considered separately.	4.3	4.3.4	13200	Functional	#N/A	0	Yes	The different plans for different objectives (e.g. trimming of trees, pruning of shrubs, cleaning of green spaces), green spaces and/or types of green spaces (e.g. national parks, urban gardens, forests) can be considered separately.
4.3.4	Development Plan	Development Plan	The different plans for different green spaces, objectives (e.g. urban reforestation, implementation of a network of urban gardens) and/or types of green spaces (e.g. national parks, forests, urban parks) can be considered separately.	4.3	4.3.5	13300	Functional	#N/A	0	Yes	The different plans for different green spaces, objectives (e.g. urban reforestation, implementation of a network of urban gardens) and/or types of green spaces (e.g. national parks, forests, urban parks) can be considered separately.
4.3.5	Contingency Plan	Contingency Plan	The different plans for different green spaces, objectives (e.g. cleaning of green spaces, implementation of flood retention structures) and/or types of green spaces (e.g. national parks, urban gardens, forests) can be considered separately.	4.3		13400	Functional	#N/A	0	Yes	The different plans for different green spaces, objectives (e.g. cleaning of green spaces, implementation of flood retention structures) and/or types of green spaces (e.g. national parks, urban gardens, forests) can be considered separately.
5	Governance	Governance	#N/A		6	13500	0	#N/A	0	No	
5.1	Local Government	Local Government	#N/A	5	5.2	13600	0	Census, local government	0	No	
5.1.1	Municipal Services	Population Access to Municipal Services	Municipal Services coverage data is usually given in terms of the fraction of the population that lives within a 15-minute walking distance (arround 1000m) from municipal facilities where services are provided to the general population or by the corresponding city area where that population lives.	5.1	5.1.2	13700	Physical	#N/A	0	No	
5.1.2	Representativeness	Representativeness	Data regarding local public officials should be specified by gender.	5.1	5.1.3	13800	Physical	#N/A	0	No	
5.1.3	Good Governance	Good Governance	Local government financial reports should include local revenues (e.g. local taxes, license and services fees, etc.) and expenditures (e.g. salaries and wages, health and education expenditures, public works, etc.).	5.1	5.1.4	13900	Functional	#N/A	0	No	
5.1.4	Development Plan	Development Plan	A plan usually contains the definition of vision and objectives, roles and resources, institutional and technical arrangements and, ideally, associated financing means.	5.1	5.1.5	14000	Functional	#N/A	0	No	
5.1.5	Contingency Plan	Contingency Plan	A contingency plan is usually drawn on a risk assessment, and defines preparedness, mitigation, response and recovery measures in case of emergencies. It commonly assigns and defines roles and responsibilities, communication strategies, technical procedures, and, ideally, includes associated financing means.	5.1		14100	Functional	#N/A	0	No	
5.2	Private Sector	Private Sector	#N/A	5	5.3	14200	0	Private sector associations, local government	0	No	
5.2.1	Representativeness	Representativeness	Data can be given in relative terms, i.e. percentage of economic activities represented by associations, or in absolute terms.	5.2	5.2.2	14300	Physical	#N/A	0	No	
5.2.2	Development Plan	Development Plan	A plan usually contains the definition of vision and objectives, roles and resources, institutional and technical arrangements and, ideally, associated financing means.	5.2		14400	Functional	#N/A	0	No	
5.3	Civil Society	Civil Society	#N/A	5	5.4	14500	0	Civil society organizations, local government	0	No	
5.3.1	Representativeness	Representativeness	Neighbourhood associations data can be given in terms of fraction of the neighbourhoods with representative associations in relation to total neighbourhoods, or regarding area of the city with representative associations.	5.3	5.3.2	14600	Physical	#N/A	0	No	
5.3.2	Development Plan	Development Plan	A plan usually contains the definition of vision and objectives, roles and resources, institutional and technical arrangements and, ideally, associated financing means.	5.3		14700	Functional	#N/A	0	No	
5.4	Major Institutions	Other Major Institutions	#N/A	5		14800	0	Institutions, local government	0	Yes	The different institutions should be considered separately.
5.4.1	Coverage	Coverage	Institution's target data should specify the relevant issue addressed by the institution's action and give information on the population and/or the city's area targeted.	5.4	5.4.2	14900	Physical	#N/A	0	No	
5.4.2	Development Plan	Development Plan	A plan usually contains the definition of vision and objectives, roles and resources, institutional and technical arrangements and, ideally, associated financing means.	5.4		15000	Functional	#N/A	0	No	
6	Public Services	Public Services	#N/A		7	15100	0	#N/A	0	No	
6.1	Education	Education	#N/A	6	6.2	15200	0	Schools, universities, surveys, local government	0	No	
6.1.1	Access and Coverage	Population Access and Coverage	Enrolment figures include children within schooling age (related to the considered education level) that are registered in schools. Data should be gender-sensitive; these are commonly provided in relative terms (i.e., percentage of children enrolled), but can also be given in absolute numbers (i.e., total amount of students).	6.1	6.1.2	15300	Physical	#N/A	0	No	
6.1.2	Local Gov. Jurisdiction	Local Government Jurisdiction	The different levels of jurisdiction of the local government over the different components of the educational system can be considered separately.	6.1	6.1.3	15400	Organisational	#N/A	0	Yes	The different levels of jurisdiction of the local government over the different components of the educational system can be considered separately.
6.1.3	Operation	Continuity of operation	The different educational levels and/or institutions can be considered separately.	6.1	6.1.4	15500	Functional	#N/A	0	Yes	The different educational levels and/or institutions can be considered separately.
6.1.4	Development Plan	Development Plan	A plan usually contains the definition of vision and objectives, roles and resources, institutional and technical arrangements and, ideally, associated financing means.	6.1	6.1.5	15600	Functional	#N/A	0	No	
6.1.5	Contingency Plan	Contingency Plan	A contingency plan is usually drawn on a risk assessment, and defines preparedness, mitigation, response and recovery measures in case of emergencies. It commonly assigns and defines roles and responsibilities, communication strategies, technical procedures, and, ideally, includes associated financing means. It is often multi-sectoral, but particularities regarding the educational system should be explicit.	6.1		15700	Functional	#N/A	0	No	
6.2	Emergency and Rescue	Emergency and Rescue	#N/A	6	6.3	15800	0	Emergency team(s), local government	0	No	
6.2.1	Resources	Resources	For the number of responders, each organisation can be considered separately. Data is usually given in relative terms (number of responders per 100,000 inhabitants), or absolute number of responders.	6.2	6.2.2	15900	Physical	#N/A	0	No	
6.2.2	Local Gov. Jurisdiction	Local Government Jurisdiction	The different levels of jurisdiction of the local government over the different components of the system can be considered separately.	6.2	6.2.3	16000	Organisational	#N/A	0	No	
6.2.3	Operation	Continuity of Operation	Please provide the average response time considering all the different emergency response team(s). There is an interest in understanding the quickness the events are responded to, regardless of the involved institution.	6.2	6.2.4	16100	Functional	#N/A	0	No	
6.2.4	Development Plan	Development Plan	The different plans for the distinct human or material resources can be considered separately.	6.2	6.2.5	16200	Functional	#N/A	0	Yes	The different plans for the distinct human or material resources can be considered separately.
6.2.5	Contingency Plan	Contingency Plan	The different plans for the distinct human or material resources can be considered separately.	6.2		16300	Functional	#N/A	0	Yes	The different plans for the distinct human or material resources can be considered separately.
6.3	Food Provision	Food Provision	#N/A	6	6.4	16400	0	Wholesalers, retailers, statistical institutions, local government	0	No	
6.3.1	Population Access	Population Access	Malnutrition refers to the condition where a person's diet does not provide proteins, energy and nutrients for an adequate growth and maintenance. It encompasses undernutrition (i.e., shortage of nutrients) and overnutrition (i.e., overweight and obesity).	6.3	6.3.2	16500	Physical	#N/A	0	No	
6.3.2	Local Gov. Jurisdiction	Local Government Jurisdiction	The different levels of jurisdiction of the local government over the different components of the system can be considered separately.	6.3	6.3.3	16600	Organisational	#N/A	0	Yes	The different levels of jurisdiction of the local government over the different components of the system can be considered separately.
6.3.3	Operation	Continuity of Operation	The answer should take into account the local context in terms of 'normal circumstances', and how eventual shortages can affect the provision of food for the population.	6.3	6.3.4	16700	Functional	#N/A	0	No	
6.3.4	Development Plan	Development Plan	A plan usually contains the definition of vision and objectives, roles and resources, institutional and technical arrangements and, ideally, associated financing means.	6.3	6.3.5	16800	Functional	#N/A	0	No	
6.3.5	Contingency Plan	Contingency Plan	A contingency plan is usually drawn on a risk assessment, and defines preparedness, mitigation, response and recovery measures in case of emergencies. It commonly assigns and defines roles and responsibilities, communication strategies, technical procedures, and, ideally, includes associated financing means. It is often multi-sectoral, but particularities regarding food provision should be explicit.	6.3		16900	Functional	#N/A	0	No	
6.4	Health	Health	#N/A	6	6.5	17000	0	Ministry of Health, hospitals, health centres, census, local government	0	No	
6.4.1	Access and Coverage	Population Access and Coverage	Data can be given in relative terms, e.g. number of physicians per 1,000 people, or in absolute terms.	6.4	6.4.2	17100	Physical	#N/A	0	No	
6.4.2	Loc	Local Government Jurisdiction	The different levels of jurisdiction of the local government over the different components of the system can be considered separately.	6.4	6.4.3	17200	Organisational	#N/A	0	Yes	The different levels of jurisdiction of the local government over the different components of the system can be considered separately.
6.4.3	Operation	Continuity of Operation	The answer should take into account the local context in terms of 'normal circumstances', and how eventual disruptions can affect the usual functioning of the system.	6.4	6.4.4	17300	Functional	#N/A	0	No	
6.4.4	Development Plan	Development Plan	A plan usually contains the definition of vision and objectives, roles and resources, institutional and technical arrangements and, ideally, associated financing means.	6.4	6.4.5	17400	Functional	#N/A	0	No	
6.4.5	Contingency Plan	Contingency Plan	A contingency plan is usually drawn on a risk assessment, and defines preparedness, mitigation, response and recovery measures in case of emergencies. It commonly assigns and defines roles and responsibilities, communication strategies, technical procedures, and, ideally, includes associated financing means. It is often multi-sectoral, but particularities regarding the health care system should be explicit.	6.4		17500	Functional	#N/A	0	No	
6.5	Safety and Justice	Safety and Justice	#N/A	6	6.6	17600	0	Law enforcement and criminal justice institution(s), local government	0	No	
6.5.1	Ressources	Resources	The different organisations can be considered separately.	6.5	6.5.2	17700	Physical	#N/A	0	Yes	The different organisations can be considered separately.
6.5.2	Local Gov. Jurisdiction	Local Government Jurisdiction	The different levels of jurisdiction over each organisation can be considered separately.	6.5	6.5.3	17800	Organisational	#N/A	0	Yes	The different levels of jurisdiction over each organisation can be considered separately.
6.5.3	Operation	Continuity of Operation	Please provide the average response time considering all the different law enforcement team(s). There is a particular interest in understanding the quickness the events are responded to, regardless of the law enforcement institution.	6.5	6.5.4	17900	Functional	#N/A	0	No	
6.5.4	Development Plan	Development Plan	The different plans for each organisation can be considered separately.	6.5	6.5.5	18000	Functional	#N/A	0	Yes	The different plans for each organisation can be considered separately.
6.5.5	Contingency Plan	Contingency Plan	A contingency plan is usually drawn on a risk assessment, and defines preparedness, mitigation, response and recovery measures in case of emergencies. It commonly assigns and defines roles and responsibilities, communication strategies, technical procedures, and, ideally, includes associated financing means. It can be multi-sectoral, but particularities regarding alternatives for law enforcement should be explicit.	6.5		18100	Functional	#N/A	0	No	
6.6	Social Care	Social Care	#N/A	6		18200	0	Local government, non-profit organizations, charities	0	No	
6.6.1	Availability	Availability	Population data can be given in relative terms, i.e. fraction of the population that are not covered by social security measures in relation to total population, or in absolute terms.	6.6	6.6.2	18300	Physical	#N/A	0	No	
6.6.2	Local Gov. Jurisdiction	Local Government Jurisdiction	The different levels of jurisdiction of the local government over the different components of the system can be considered separately.	6.6	6.6.3	18400	Organisational	#N/A	0	Yes	The different levels of jurisdiction of the local government over the different components of the system can be considered separately.
6.6.3	Operation	Continuity of Operation	The different social care measures can be considered separately.	6.6	6.6.4	18500	Functional	#N/A	0	Yes	The different social care measures can be considered separately.
6.6.4	Development Plan	Development Plan	The different social care measures can be considered separately.	6.6	6.6.5	18600	Functional	#N/A	0	Yes	The different social care measures can be considered separately.
6.6.5	Contingency Plan	Contingency Plan	The different social care measures can be considered separately.	6.6		18700	Functional	#N/A	0	Yes	The different social care measures can be considered separately.
7	Social	Social	#N/A	0	8	18800	0	#N/A	0	No	
7.1	Civic Engagement	Civic Engagement	#N/A	7	7.2	18900	0	Civil Society Organisations, surveys, local government	0	No	
7.1.1	Election Processes	Citizens' Voting in Election Processes	Data is usually given in relative numbers (i.e., as a percentage in relation to the total eligible population), or in absolute numbers (i.e., total amount of voters), as long as the total eligible population value is provided. Both should be specified by gender.	7.1	7.1.2	19000	Physical	#N/A	0	No	
7.1.2	Citizens' Candidacy	Citizens' Candidacy	Consider the total number of candidates for all the local and sub-local political positions (including executive and legislative power, when applicable). Take into account in the assessment independent candidates as well as all the members of the party-lists running for elections.	7.1	7.1.3	19100	Organisational	#N/A	0	No	
7.1.3	Bottom-Up Init.	Bottom-Up Initiatives	#N/A	7.1		19200	Functional	#N/A	0	No	
7.2	Social Participation	Social Participation	#N/A	7	7.3	19300	0	Civil society organisations, surveys, local government	0	No	
7.2.1	Indiv. Participation	Individual Participation	#N/A	7.2	#Â¡REF!	19400	Organisational	#N/A	0	No	
7.2.2	CSOs' Collaboration	Civil Society Organisations' Collaboration	#N/A	7.2		19500	Functional	#N/A	0	No	
7.3	Communication	Communication, Knowledge and Capacity Building	#N/A	7		19600	0	Civil society organisations, surveys, local government	0	No	
7.3.1	Means of Com.	Means of Communication	Data can be given in relative numbers (i.e. as a percentage in relation to the total population), or in absolute numbers (i.e. total amount) and can be specified by gender.	7.3	7.3.2	19700	Physical	#N/A	0	No	
7.3.2	Coverage of Cont. Plans	Coverage of Contingency Plans	The different contingency plans encompassing different hazards and/or areas can be considered separately.	7.3	7.3.3	19800	Physical	#N/A	Yes	Yes	The different contingency plans encompassing different hazards and/or areas can be considered separately.
7.3.3	Content of Cont. Plans	Content of Contingency Plans	#N/A	7.3	7.3.4	19900	Functional	#N/A	0	No	
7.3.4	Capacity Building	Capacity Building and Awareness	#N/A	7.3		20000	Functional	#N/A	0	No	
8	Transport	Transport	#N/A			20100	0	#N/A	0	No	
8.1	Modal Split	Modal Split	#N/A	8	8.2	20200	0	Transport and infrastructure operators, transport management departments, surveys, local government	0	No	
8.2	Land	Land	#N/A	8	8.3	20300	0	#N/A	0	No	
8.2.1	Roads	Roads	#N/A	8.2	8.2.2	20400	0	#N/A	0	No	
8.2.1.1	Infrastructure	Infrastructure	#N/A	8.2.1	8.2.1.2	20500	0	Roads and infrastructure departments, infrastructure operators, statistical institutes, local government	0	No	
8.2.1.1.1	Coverage	Coverage	Road density is the ratio of the total lenght of roads within the urban limits in relation to the total urban land area, usually given in kms of roads per sq. kms of land.	8.2.1.1	8.2.1.1.2	20600	Physical	#N/A	0	No	
8.2.1.1.2	Local Gov. Jurisdiction	Local Government Jurisdiction	The different levels of jurisdiction of the local government over the different components of the system can be considered separately.	8.2.1.1	8.2.1.1.3	20700	Organisational	#N/A	0	Yes	The different levels of jurisdiction of the local government over the different components of the system can be considered separately.
8.2.1.1.3	Operation	Continuity of Operation	The average daily duration of traffic congestion is usually given in terms of the amount of time per day the flow of vehicles is considered unsatisfactory considering the local context.	8.2.1.1		20800	Functional	#N/A	0	No	
8.2.1.2	Public Transport	Public Transport	#N/A	8.2.1	8.2.1.3	20900	0	Transport company(ies), roads department, local government	0	No	
8.2.1.2.1	Coverage	Coverage	For the coverage of the service, only consider modes that follow specific routes (regular or not). A radius of around 500 m from the stops is usually considered as the catchment area, however this may vary based on local conditions.	8.2.1.2	8.2.1.2.2	21000	Physical	#N/A	0	No	
8.2.1.2.2	Local Gov. Jurisdiction	Local Government Jurisdiction	The different levels of jurisdiction of the local government over the different components of the system can be considered separately.	8.2.1.2	8.2.1.2.3	21100	Organisational	#N/A	0	Yes	The different levels of jurisdiction of the local government over the different components of the system can be considered separately.
8.2.1.2.3	Operation	Continuity of Operation	The answer should take into account the local context in terms of 'normal circumstances', and how eventual disruptions can affect the usual functioning of the network.	8.2.1.2	8.2.1.2.4	21200	Functional	#N/A	0	No	
8.2.1.2.4	Development Plan	Development Plan	A plan usually contains the definition of vision and objectives, roles and resources, institutional and technical arrangements and, ideally, associated financing means.	8.2.1.2	8.2.1.2.5	21300	Functional	#N/A	0	No	
8.2.1.2.5	Contingency Plan	Contingency Plan	A contingency plan is usually drawn on a risk assessment, and defines preparedness, mitigation, response and recovery measures in case of emergencies. It commonly assigns and defines roles and responsibilities, communication strategies, technical procedures, and, ideally, includes associated financing means. It is often multi-sectoral, but particularities regarding the public transport network should be explicit.	8.2.1.2		21400	Functional	#N/A	0	No	
8.2.1.3	Private Transport	Private Transport	#N/A	8.2.1	8.2.1.4	21500	0	Roads department, automobile associations, local government	0	No	
8.2.1.3.1	Motorisation Rate	Motorisation Rate	Data is usually given in relative terms, e.g. number of vehicles per 1,000 people.	8.2.1.3	8.2.1.3.2	21600	Physical	#N/A	Yes	No	
8.2.1.3.2	Management	Management	Consider all types of initiatives, from government, private sector or civil society. These can be 'push' measures, i.e., aiming at minimising the use of private vehicles; or 'pull' measures, i.e., encouraging the use of shared transport by making them more attractive.	8.2.1.3	8.2.1.3.3	21700	Functional	#N/A	0	No	
8.2.1.3.3	Development Plan	Development Plan	A plan usually contains the definition of vision and objectives, roles and resources, institutional and technical arrangements and, ideally, associated financing means.	8.2.1.3		21800	Functional	#N/A	0	No	
8.2.1.4	Goods Transport	Goods Transport	#N/A	8.2.1	8.2.1.5	21900	0	Transport company(ies), local government	0	No	
8.2.1.4.1	Coverage	Coverage	Data can be provided in terms of portion of the city's area or population covered by the network.	8.2.1.4	8.2.1.4.2	22000	Physical	#N/A	0	No	
8.2.1.4.2	Local Gov. Jurisdiction	Local Government Jurisdiction	The different levels of jurisdiction of the local government over the different components of the system can be considered separately.	8.2.1.4	8.2.1.4.3	22100	Organisational	#N/A	0	Yes	The different levels of jurisdiction of the local government over the different components of the system can be considered separately.
8.2.1.4.3	Management	Management	Consider all types of initiatives, from government, private sector and civil society. These involve measures to both facilitate the transport of goods and/or to limit it.	8.2.1.4	8.2.1.4.4	22200	Functional	#N/A	0	No	
8.2.1.4.4	Development Plan	Development Plan	A plan usually contains the definition of vision and objectives, roles and resources, institutional and technical arrangements and, ideally, associated financing means.	8.2.1.4	8.2.1.4.5	22300	Functional	#N/A	0	No	
8.2.1.4.5	Contingency Plan	Contingency Plan	Emergency situations can include, for example, spillage of hazardous substances being transported, disruptions of access by road, etc.	8.2.1.4		22400	Functional	#N/A	0	No	
8.2.1.5	Non-Motor. Transport	Non-Motorised Transport	#N/A	8.2.1		22500	0	Population, surveys, local government	0	No	
8.2.1.5.1	Infra./Coverage	Infrastructure/Coverage	Data is usually provided in terms of the fraction of the city covered by such infrastructures, but can also be provided in absolute terms (e.g. total area in sq. metres).	8.2.1.5	8.2.1.5.2	22600	Physical	#N/A	0	No	
8.2.1.5.2	Local Gov. Jurisdiction	Local Government Jurisdiction	The different levels of jurisdiction of the local government over the different components of the system can be considered separately.	8.2.1.5	8.2.1.5.3	22700	Organisational	#N/A	0	Yes	The different levels of jurisdiction of the local government over the different components of the system can be considered separately.
8.2.1.5.3	Management	Management	Consider all types of initiatives, from government, private sector and civil society.	8.2.1.5	8.2.1.5.4	22800	Functional	#N/A	0	No	
8.2.1.5.4	Development Plan	Development Plan	A plan usually contains the definition of vision and objectives, roles and resources, institutional and technical arrangements and, ideally, associated financing means.	8.2.1.5		22900	Functional	#N/A	0	No	
8.2.2	Railways	Railways	#N/A	8.2	8.2.3	23000	0	#N/A	0	No	
8.2.2.1	Light Rail Transit	Light Rail Transit	#N/A	8.2.2	8.2.2.2	23100	0	Railway company(ies), railway departments, local government	0	No	
8.2.2.1.1	Infra./Coverage	Infrastructure/Coverage	For the coverage of the service, a radius of around 1 km from the stops is usually considered as the catchment area, however this may vary based on local conditions. Data can be given in terms of city's area or population covered by the service, in absolute (e.g. area in sq. metres, people attended) or relative (e.g. percentage of city's area or population) figures.	8.2.2.1	8.2.2.1.2	23200	Physical	#N/A	0	No	
8.2.2.1.2	Local Gov. Jurisdiction	Local Government Jurisdiction	The different levels of jurisdiction of the local government over the different components of the system can be considered separately.	8.2.2.1	8.2.2.1.3	23300	Organisational	#N/A	0	Yes	The different levels of jurisdiction of the local government over the different components of the system can be considered separately.
8.2.2.1.3	Operation	Continuity of Operation	The answer should take into account the local context in terms of 'normal circumstances', and how eventual disruptions can affect the usual functioning of the system.	8.2.2.1	8.2.2.1.4	23400	Functional	#N/A	0	No	
8.2.2.1.4	Development Plan	Development Plan	A plan usually contains the definition of vision and objectives, roles and resources, institutional and technical arrangements and, ideally, associated financing means.	8.2.2.1	8.2.2.1.5	23500	Functional	#N/A	0	No	
8.2.2.1.5	Contingency Plan	Contingency Plan	A contingency plan is usually drawn on a risk assessment, and defines preparedness, mitigation, response and recovery measures in case of emergencies. It commonly assigns and defines roles and responsibilities, communication strategies, technical procedures, and, ideally, includes associated financing means.	8.2.2.1		23600	Functional	#N/A	0	No	
8.2.2.2	Heavy Rail Transit	Heavy Rail Transit	#N/A	8.2.2		23700	0	Railway company(ies), railway departments, local government	0	No	
8.2.2.2.1	Infra./Coverage	Infrastructure/Coverage	For the coverage of the service, a radius of around 1 km from the stations is usually considered as the catchment area, however this may vary based on local conditions. Data can be given in terms of city's area or population covered by the service, in absolute (e.g. area in sq. metres, people attended) or relative (e.g. percentage of city's area or population) figures.	8.2.2.2	8.2.2.2.2	23800	Physical	#N/A	0	No	
8.2.2.2.2	Local Gov. Jurisdiction	Local Government Jurisdiction	The different levels of jurisdiction of the local government over the different components of the system can be considered separately.	8.2.2.2	8.2.2.2.3	23900	Organisational	#N/A	0	Yes	The different levels of jurisdiction of the local government over the different components of the system can be considered separately.
8.2.2.2.3	Operation	Continuity of Operation	The answer should take into account the local context in terms of 'normal circumstances', and how eventual disruptions can affect the usual functioning of the system.	8.2.2.2	8.2.2.2.4	24000	Functional	#N/A	0	No	
8.2.2.2.4	Development Plan	Development Plan	A plan usually contains the definition of vision and objectives, roles and resources, institutional and technical arrangements and, ideally, associated financing means.	8.2.2.2	8.2.2.2.5	24100	Functional	#N/A	0	No	
8.2.2.2.5	Contingency Plan	Contingency Plan	A contingency plan is usually drawn on a risk assessment, and defines preparedness, mitigation, response and recovery measures in case of emergencies. It commonly assigns and defines roles and responsibilities, communication strategies, technical procedures, and, ideally, includes associated financing means.	8.2.2.2		24200	Functional	#N/A	0	No	
8.3	Water	Water	#N/A	8	8.4	24300	0	#N/A	0	No	
8.3.1	Light Vessels	Light Vessels	#N/A	8.3	8.3.2	24400	0	Transport company(ies), ports authority, private owners or associations, local government	0	No	
8.3.1.1	Capacity	Capacity	For both carrying capacity and boat ownership, only vessels used for commercial purposes (either full- or part-time) should be considered. Watercrafts for leisure only should not be included.	8.3.1	8.3.1.2	24500	Physical	#N/A	0	No	
8.3.1.2	Local Gov. Jurisdiction	Local Government Jurisdiction	The different levels of jurisdiction of the local government over the different components of the system can be considered separately.	8.3.1	8.3.1.3	24600	Organisational	#N/A	0	Yes	The different levels of jurisdiction of the local government over the different components of the system can be considered separately.
8.3.1.3	Operation	Continuity of Operation	The answer should take into account the local context in terms of 'normal circumstances', and how eventual disruptions can affect the usual functioning of the operation.	8.3.1	8.3.1.4	24700	Functional	#N/A	0	No	
8.3.1.4	Development Plan	Development Plan	A plan usually contains the definition of vision and objectives, roles and resources, institutional and technical arrangements and, ideally, associated financing means.	8.3.1	8.3.1.5	24800	Functional	#N/A	0	No	
8.3.1.5	Contingency Plan	Contingency Plan	A contingency plan is usually drawn on a risk assessment, and defines preparedness, mitigation, response and recovery measures in case of emergencies. It commonly assigns and defines roles and responsibilities, communication strategies, technical procedures, and, ideally, includes associated financing means.	8.3.1		24900	Functional	#N/A	0	No	
8.3.2	Heavy Vessels	Heavy Vessels	#N/A	8.3		25000	0	Freight ship company(ies), ports authority, private owners or associations, local government	0	No	
8.3.2.1	Capacity	Capacity	Figures for both passengers and freight can be given either in terms of traffic or in terms of the capacity of the port.	8.3.2	8.3.2.2	25100	Physical	#N/A	0	No	
8.3.2.2	Local Gov. Jurisdiction	Local Government Jurisdiction	The different levels of jurisdiction of the local government over the different components of the operation can be considered separately.	8.3.2	8.3.2.3	25200	Organisational	#N/A	0	Yes	The different levels of jurisdiction of the local government over the different components of the operation can be considered separately.
8.3.2.3	Operation	Continuity of Operation	The answer should take into account the local context in terms of 'normal circumstances', and how eventual disruptions can affect the usual functioning of the operation.	8.3.2	8.3.2.4	25300	Functional	#N/A	0	No	
8.3.2.4	Development Plan	Development Plan	A plan usually contains the definition of vision and objectives, roles and resources, institutional and technical arrangements and, ideally, associated financing means.	8.3.2	8.3.2.5	25400	Functional	#N/A	0	No	
8.3.2.5	Contingency Plan	Contingency Plan	A contingency plan is usually drawn on a risk assessment, and defines preparedness, mitigation, response and recovery measures in case of emergencies. It commonly assigns and defines roles and responsibilities, communication strategies, technical procedures, and, ideally, includes associated financing means.	8.3.2		25500	Functional	#N/A	0	No	
8.4	Air	Air	#N/A	8	8.5	25600	0	#N/A	0	No	
8.4.1	Airport	Airport	#N/A	8.4		25700	0	Airport operators, local government	0	No	
8.4.1.1	Traffic	Traffic	Figures for both passengers and freight can be given either in terms of traffic or in terms of the capacity of the airport(s).	8.4.1	8.4.1.2	25800	Physical	#N/A	0	No	
8.4.1.2	Local Gov. Jurisdiction	Local Government Jurisdiction	The different levels of jurisdiction of the local government over the different components of the operation can be considered separately.	8.4.1	8.4.1.3	25900	Organisational	#N/A	0	Yes	The different levels of jurisdiction of the local government over the different components of the operation can be considered separately.
8.4.1.3	Operation	Continuity of Operation	The answer should take into account the local context in terms of 'normal circumstances', and how eventual disruptions can affect the usual functioning of the operation.	8.4.1	8.4.1.4	26000	Functional	#N/A	0	No	
8.4.1.4	Development Plan	Development Plan	A plan usually contains the definition of vision and objectives, roles and resources, institutional and technical arrangements and, ideally, associated financing means.	8.4.1	8.4.1.5	26100	Functional	#N/A	0	No	
8.4.1.5	Contingency Plan	Contingency Plan	A contingency plan is usually drawn on a risk assessment, and defines preparedness, mitigation, response and recovery measures in case of emergencies. It commonly assigns and defines roles and responsibilities, communication strategies, technical procedures, and, ideally, includes associated financing means.	8.4.1		26200	Functional	#N/A	0	No	
8.5	Other	Other	#N/A	8		26300	0	#N/A	0	No	
8.5.1	Cable Transport	Cable Transport	#N/A	8.5		26400	0	Transport company(ies), local government	0	No	
8.5.1.1	Infra./Coverage	Infrastructure/Coverage	Information regarding carrying capacity can be given, for example, in terms of capacity per direction per hour, or the total daily capacity of the network.	8.5.1	8.5.1.2	26500	Physical	#N/A	0	No	
8.5.1.2	Local Gov. Jurisdiction	Local Government Jurisdiction	The different levels of jurisdiction of the local government over the different components of the system can be considered separately.	8.5.1	8.5.1.3	26600	Organisational	#N/A	0	Yes	The different levels of jurisdiction of the local government over the different components of the system can be considered separately.
8.5.1.3	Operation	Continuity of Operation	The answer should take into account the local context in terms of 'normal circumstances', and how eventual disruptions can affect the usual functioning of the system.	8.5.1	8.5.1.4	26700	Functional	#N/A	0	No	
8.5.1.4	Development Plan	Development Plan	A plan usually contains the definition of vision and objectives, roles and resources, institutional and technical arrangements and, ideally, associated financing means.	8.5.1	8.5.1.5	26800	Functional	#N/A	0	No	
8.5.1.5	Contingency Plan	Contingency Plan	A contingency plan is usually drawn on a risk assessment, and defines preparedness, mitigation, response and recovery measures in case of emergencies. It commonly assigns and defines roles and responsibilities, communication strategies, technical procedures, and, ideally, includes associated financing means. It is often multi-sectoral, but particularities regarding cable transport network should be explicit.	8.5.1		26900	Functional	#N/A	0	No	